{
  "version": "1.0",
  "defaultProvider": "cdnjs",
  "libraries": [
    {
      "provider": "cdnjs",
      "library": "jquery@3.6.3",
      "destination": "wwwroot/lib/jquery/"
    },
    {
      "provider": "cdnjs",
      "library": "bootstrap@5.2.3",
      "destination": "wwwroot/lib/bootstrap/"
    },
    {
      "provider": "cdnjs",
      "library": "jquery-validate@1.19.5",
      "destination": "wwwroot/lib/jquery-validate/"
    },
    {
      "provider": "cdnjs",
      "library": "jquery-validation-unobtrusive@4.0.0",
      "destination": "wwwroot/lib/jquery-validation-unobtrusive/"
    }
  ]
}