{
  "version": "3.0",
  "defaultProvider": "cdnjs",
  "libraries": [
    {
      "provider": "cdnjs",
      "library": "bootstrap@5.3.8",
      "destination": "wwwroot/lib/bootstrap/dist/",
      "files": [
        "js/bootstrap.min.js"
      ]
    },
    {
      "provider": "cdnjs",
      "library": "bootstrap@5.3.8",
      "destination": "wwwroot/lib/bootstrap/dist/",
      "files": [
        "js/bootstrap.min.js",
        "css/bootstrap.min.css"
      ]
    },
    {
      "provider": "cdnjs",
      "library": "jquery@3.7.1",
      "destination": "wwwroot/lib/jquery/dist/"
    }
  ]
}